{
  "Camera": 
  {
    "LookAt": [0.0,0.0,0.0],
    "LookFrom": [0.0,0.0,1.0],
    "Up": [0.0,1.0,0.0],
    "FieldOfView": 90
  },

  "Light":
    {"DirectionToLight": [1.0, 0.0, 0.0],
      "LightColor": [1.0, 1.0, 1.0],
      "AmbientLight": [0.1, 0.1, 0.1],
      "BackgroundColor": [0.2, 0.2, 0.2]
    }
  ,

  "Spheres":
  [
    {"Center": [0.5, 0.0, -0.15],
      "Radius": 0.05,
      "Kd": 0.8,
      "Ks": 0.1,
      "Ka": 0.1,
      "Mdiff": [1.0, 1.0, 1.0],
      "Mspec": [1.0, 1.0, 1.0],
      "Mgls": 4.0,
      "Refl": 0.0
    },

    {"Center": [0.3, 0.0, -0.1],
      "Radius": 0.08,
      "Kd": 0.45,
      "Ks": 0.45,
      "Ka": 0.1,
      "Mdiff": [1.0, 0.0, 0.0],
      "Mspec": [0.5, 1.0, 0.5],
      "Mgls": 32.0,
      "Refl": 0.0
    },

    {"Center": [-0.6, 0.0, 0.0],
      "Radius": 0.3,
      "Kd": 0.5,
      "Ks": 0.4,
      "Ka": 0.1,
      "Mdiff": [0.0, 1.0, 0.0],
      "Mspec": [0.5, 1.0, 0.5],
      "Mgls": 64.0,
      "Refl": 0.0
    }
  ],

  "Triangles":
  [
    {"A": [0.3, -0.3, -0.4],
      "B": [0.0, 0.3, -0.1],
      "C": [-0.3, -0.3, 0.2],
      "Kd": 0.45,
      "Ks": 0.45,
      "Ka": 0.1,
      "Mdiff": [0.0, 0.0, 1.0],
      "Mspec": [1.0, 1.0, 1.0],
      "Mgls": 32.0,
      "Refl": 0.0
    },

    {"A": [-0.2, 0.1, 0.1],
      "B": [-0.2, -0.5, 0.2],
      "C": [-0.2, 0.1, -0.3],
      "Kd": 0.8,
      "Ks": 0.1,
      "Ka": 0.1,
      "Mdiff": [1.0, 1.0, 0.0],
      "Mspec": [1.0, 1.0, 1.0],
      "Mgls": 4.0,
      "Refl": 0.0
    }
  ],

  "Planes":
  [

  ]

}