{
  "Camera": 
  {
    "LookAt": [0.0,0.0,0.0],
    "LookFrom": [0.0,0.0,1.0],
    "Up": [0.0,1.0,0.0],
    "FieldOfView": 90
  },

  "Light":
    {"DirectionToLight": [1.0, 1.0, 1.0],
      "LightColor": [1.0, 1.0, 1.0],
      "AmbientLight": [0.1, 0.1, 0.1],
      "BackgroundColor": [0.2, 0.2, 0.2]
    }
  ,

  "Spheres":
  [
    {"Center": [0.45, 0.0, -0.15],
      "Radius": 0.15,
      "Kd": 0.8,
      "Ks": 0.1,
      "Ka": 0.1,
      "Mdiff": [1.0, 1.0, 1.0],
      "Mspec": [1.0, 1.0, 1.0],
      "Mgls": 4.0,
      "Refl": 0.0
    },

    {"Center": [0.0, 0.0, -0.1],
      "Radius": 0.2,
      "Kd": 0.6,
      "Ks": 0.3,
      "Ka": 0.1,
      "Mdiff": [1.0, 0.0, 0.0],
      "Mspec": [1.0, 1.0, 1.0],
      "Mgls": 32.0,
      "Refl": 0.0
    },

    {"Center": [-0.6, 0.0, 0.0],
      "Radius": 0.3,
      "Kd": 0.7,
      "Ks": 0.2,
      "Ka": 0.1,
      "Mdiff": [0.0, 1.0, 0.0],
      "Mspec": [0.5, 1.0, 0.5],
      "Mgls": 64.0,
      "Refl": 0.0
    }
  ],

  "Triangles":
  [

  ],

  "Planes":
  [
    {"Normal": [0.0, 1.0, 0.0],
    "Distance": -0.5,
    "Kd": 0.9,
    "Ks": 0.0,
    "Ka": 0.1,
    "Mdiff": [0.0, 0.0, 1.0],
    "Mspec": [1.0, 1.0, 1.0],
    "Mgls": 16.0,
    "Refl": 0.0
  }
  ]

}