{
  "Camera": 
  {
    "LookAt": [0.0,0.0,0.0],
    "LookFrom": [0.0,0.0,1.0],
    "Up": [0.0,1.0,0.0],
    "FieldOfView": 90
  },

  "Light":
    {"DirectionToLight": [0.0, 1.0, 0.0],
      "LightColor": [1.0, 1.0, 1.0],
      "AmbientLight": [0.0, 0.0, 0.0],
      "BackgroundColor": [0.2, 0.2, 0.2]
    }
  ,

  "Spheres":
  [
    {"Center": [0.0, 0.3, -1.0],
      "Radius": 0.25,
      "Kd": 0.0,
      "Ks": 0.0,
      "Ka": 0.1,
      "Mdiff": [0.75, 0.75, 0.75],
      "Mspec": [1.0, 1.0, 1.0],
      "Mgls": 10.0,
      "Refl": 0.9
    }
  ],

  "Triangles":
  [
    {"A": [0.0, -0.7, -0.5],
      "B": [1.0, 0.4, -1.0],
      "C": [0.0, -0.7, -1.5],
      "Kd": 0.8,
      "Ks": 0.1,
      "Ka": 0.1,
      "Mdiff": [0.0, 0.0, 1.0],
      "Mspec": [1.0, 1.0, 1.0],
      "Mgls": 4.0,
      "Refl": 0.0
    },

    {"A": [0.0, -0.7, -0.5],
      "B": [0.0, -0.7, -1.5],
      "C": [-1.0, 0.4, -1.0],
      "Kd": 0.8,
      "Ks": 0.1,
      "Ka": 0.1,
      "Mdiff": [1.0, 1.0, 0.0],
      "Mspec": [1.0, 1.0, 1.0],
      "Mgls": 4.0,
      "Refl": 0.0
    }
  ],

  "Planes":
  [

  ]

}